{"version":2,"languages":{"nodejs-npm":{"specfileHash":"e8fd3f4e2344f237c904d885b915c2db","lockfileHash":"1374d34116ec6a957ccdfa59b8ea3415","guessedImports":["react","react-dom","react-confetti","@vitejs/plugin-react-refresh"],"guessedImportsHash":"53566a1de302c8a5cc67b41abf370486"},"nodejs-yarn":{"specfileHash":"36fe129750f9b571f62775768dfd2747","lockfileHash":"8cd20b0f91e5e007eadff22a3178e342","guessedImports":["@vitejs/plugin-react-refresh","react","react-dom"],"guessedImportsHash":"24f6f3418ae857900ebf7b7e00dc4a7b"}}}
